id,sender,time,message,rssi
1,Adler,6/11/2020,whiteboard bleeding-edge users,93.2
2,Ardisj,9/15/2019,syndicate best-of-breed relationships,102.9
3,Marthe,12/26/2019,synthesize integrated methodologies,98.9
4,Marten,3/17/2020,engage world-class portals,94.5
5,Lanette,6/14/2020,strategize vertical applications,37.8
6,Ashton,11/24/2019,maximize granular ROI,117.5
7,Finlay,1/1/2020,unleash granular interfaces,90.1
8,Norby,11/1/2019,expedite extensible web services,45.1
9,Jody,6/16/2020,whiteboard leading-edge paradigms,103.8
10,Delila,10/5/2019,incubate granular e-markets,119.3
11,Corrina,4/6/2020,implement frictionless action-items,118.5
12,Pepito,2/20/2020,matrix viral users,45.0
13,Benyamin,10/30/2019,unleash distributed experiences,111.5
14,Maisie,11/19/2019,drive viral methodologies,96.8
15,Consalve,6/11/2020,innovate value-added infrastructures,121.8
16,Johnnie,1/6/2020,incubate impactful action-items,44.0
17,Avery,7/2/2020,transition out-of-the-box architectures,111.6
18,Annabel,5/10/2020,seize out-of-the-box content,80.3
19,Darill,7/31/2020,productize robust interfaces,48.7
20,Therese,4/19/2020,extend value-added functionalities,28.0
21,Starlin,3/24/2020,matrix e-business models,35.0
22,Hobard,1/1/2020,deliver next-generation applications,47.4
23,Morton,11/18/2019,embrace impactful users,59.5
24,Elyn,10/19/2019,drive web-enabled action-items,24.8
25,Dorotea,12/21/2019,transform mission-critical portals,16.8
26,Tracee,10/17/2019,facilitate cutting-edge content,13.3
27,Sampson,1/23/2020,cultivate mission-critical infrastructures,21.3
28,Cathryn,2/10/2020,visualize enterprise action-items,36.0
29,Baudoin,11/6/2019,disintermediate end-to-end paradigms,80.5
30,Cristal,3/11/2020,envisioneer interactive convergence,35.7
31,Mickey,5/16/2020,unleash scalable schemas,108.9
32,Hillard,10/5/2019,expedite sticky communities,111.2
33,Skell,1/20/2020,enable extensible solutions,54.1
34,Edi,10/2/2019,engineer B2B web-readiness,103.3
35,Yuri,8/6/2020,utilize revolutionary niches,89.5
36,Barnett,4/20/2020,innovate intuitive e-commerce,62.7
37,Mathe,11/11/2019,seize e-business interfaces,74.0
38,Silvana,5/1/2020,disintermediate intuitive communities,26.9
39,Clementia,8/26/2019,mesh leading-edge models,98.3
40,Garik,7/9/2020,syndicate end-to-end experiences,44.6
41,Huntington,12/5/2019,enable mission-critical infomediaries,46.1
42,Chad,12/25/2019,matrix strategic synergies,31.3
43,Osborn,7/21/2020,embrace plug-and-play technologies,23.7
44,Bria,8/14/2020,matrix efficient eyeballs,43.3
45,Rahel,3/7/2020,monetize plug-and-play niches,55.6
46,Andee,6/12/2020,utilize out-of-the-box e-markets,18.8
47,Meredith,11/1/2019,architect enterprise experiences,48.5
48,Brigida,1/6/2020,redefine efficient mindshare,67.4
49,Jarrett,9/27/2019,deploy customized paradigms,60.2
50,Allis,5/5/2020,target back-end eyeballs,58.2
