id,number,received,message,rssi
1,0000000001,1,Nulla mollis molestie lorem.,81.4
2,0000000001,0,Nulla justo. Aliquam quis turpis eget elit sodales scelerisque. Mauris sit amet eros.,10.1
3,7885850073,1,Cras in purus eu magna vulputate luctus.,95.7
4,1731140036,1,Vivamus metus arcu, adipiscing molestie, hendrerit at, vulputate vitae, nisl. Aenean lectus. Pellentesque eget nunc.,36.1
5,3195734740,0,Pellentesque viverra pede ac diam. Cras pellentesque volutpat dui. Maecenas tristique, est et tempus semper, est quam pharetra magna, ac consequat metus sapien ut nunc.,21.8
6,5594889069,0,Nulla ut erat id mauris vulputate elementum. Nullam varius. Nulla facilisi.,43.5
7,0000000001,1,Nullam sit amet turpis elementum ligula vehicula consequat. Morbi a ipsum. Integer a nibh.,25.5
8,1089602874,0,Donec quis orci eget orci vehicula condimentum.,13.8
9,6424488976,1,Praesent lectus. Vestibulum quam sapien, varius ut, blandit non, interdum in, ante. Vestibulum ante ipsum primis in faucibus orci luctus et ultrices posuere cubilia Curae; Duis faucibus accumsan odio.,35.2
10,2467309220,1,Donec ut dolor. Morbi vel lectus in quam fringilla rhoncus.,106.7
11,9732162811,1,Proin leo odio, porttitor id, consequat in, consequat ut, nulla. Sed accumsan felis. Ut at dolor quis odio consequat varius.,103.6
12,5498043883,0,Sed sagittis.,72.6
13,0000000001,0,Integer aliquet, massa id lobortis convallis, tortor risus dapibus augue, vel accumsan tellus nisi eu orci. Mauris lacinia sapien quis libero.,21.4
14,6474732023,0,In hac habitasse platea dictumst. Maecenas ut massa quis augue luctus tincidunt. Nulla mollis molestie lorem.,34.9
15,8835196416,1,Donec quis orci eget orci vehicula condimentum.,62.3
16,4569022635,1,Curabitur in libero ut massa volutpat convallis. Morbi odio odio, elementum eu, interdum eu, tincidunt in, leo.,105.6
17,8545795713,0,Suspendisse ornare consequat lectus. In est risus, auctor sed, tristique in, tempus sit amet, sem.,57.2
18,8365302360,0,Cum sociis natoque penatibus et magnis dis parturient montes, nascetur ridiculus mus. Vivamus vestibulum sagittis sapien.,86.7
19,0000000001,1,Vestibulum rutrum rutrum neque. Aenean auctor gravida sem. Praesent id massa id nisl venenatis lacinia.,37.2
20,6914791947,0,Integer a nibh.,101.7
21,4706083294,1,Fusce lacus purus, aliquet at, feugiat non, pretium quis, lectus. Suspendisse potenti.,85.9
22,6127806269,0,Cum sociis natoque penatibus et magnis dis parturient montes, nascetur ridiculus mus.,24.4
23,9442656686,1,Praesent blandit. Nam nulla. Integer pede justo, lacinia eget, tincidunt eget, tempus vel, pede.,72.7
24,2827600660,0,Morbi quis tortor id nulla ultrices aliquet. Maecenas leo odio, condimentum id, luctus nec, molestie sed, justo. Pellentesque viverra pede ac diam.,11.9
25,8926009140,0,Integer ac leo. Pellentesque ultrices mattis odio. Donec vitae nisi.,73.3
26,8646139518,1,Morbi non lectus. Aliquam sit amet diam in magna bibendum imperdiet. Nullam orci pede, venenatis non, sodales sed, tincidunt eu, felis.,33.8
27,6082824450,0,Fusce lacus purus, aliquet at, feugiat non, pretium quis, lectus. Suspendisse potenti.,118.8
28,6353074383,0,Vivamus tortor. Duis mattis egestas metus.,100.5
29,6439710501,0,Phasellus id sapien in sapien iaculis congue. Vivamus metus arcu, adipiscing molestie, hendrerit at, vulputate vitae, nisl. Aenean lectus.,101.7
30,3933712331,0,Morbi quis tortor id nulla ultrices aliquet. Maecenas leo odio, condimentum id, luctus nec, molestie sed, justo.,119.6
31,7766832467,1,Praesent id massa id nisl venenatis lacinia. Aenean sit amet justo.,60.1
32,3001743807,1,Donec dapibus.,107.0
33,0000000001,1,Suspendisse accumsan tortor quis turpis.,95.6
34,8114329575,1,Vivamus tortor.,64.4
35,5431242823,1,Nulla suscipit ligula in lacus.,48.4
36,7057965269,1,Maecenas pulvinar lobortis est. Phasellus sit amet erat. Nulla tempus.,74.9
37,2117207931,0,In tempor, turpis nec euismod scelerisque, quam turpis adipiscing lorem, vitae mattis nibh ligula nec sem. Duis aliquam convallis nunc. Proin at turpis a pede posuere nonummy.,112.5
38,8082467114,0,Vestibulum ante ipsum primis in faucibus orci luctus et ultrices posuere cubilia Curae; Mauris viverra diam vitae quam. Suspendisse potenti. Nullam porttitor lacus at turpis.,43.5
39,3379196999,1,Nullam porttitor lacus at turpis.,44.3
40,0000000001,0,Morbi non quam nec dui luctus rutrum.,47.4
41,8396851069,0,Duis consequat dui nec nisi volutpat eleifend.,65.9
42,9238680864,1,Etiam pretium iaculis justo.,95.1
43,7213503586,0,Suspendisse potenti. Cras in purus eu magna vulputate luctus.,49.6
44,5138190096,0,Cras in purus eu magna vulputate luctus.,18.6
45,8919323566,1,Mauris lacinia sapien quis libero. Nullam sit amet turpis elementum ligula vehicula consequat.,58.8
46,5364894301,0,Fusce posuere felis sed lacus. Morbi sem mauris, laoreet ut, rhoncus aliquet, pulvinar sed, nisl.,38.6
47,1544139543,1,In hac habitasse platea dictumst. Etiam faucibus cursus urna. Ut tellus.,80.8
48,9745597705,0,Vestibulum ante ipsum primis in faucibus orci luctus et ultrices posuere cubilia Curae; Mauris viverra diam vitae quam.,61.2
49,9491682518,1,Vivamus in felis eu sapien cursus vestibulum. Proin eu mi. Nulla ac enim.,103.7
50,8818978462,0,Praesent blandit. Nam nulla. Integer pede justo, lacinia eget, tincidunt eget, tempus vel, pede.,17.3
51,1367278671,1,Nam nulla. Integer pede justo, lacinia eget, tincidunt eget, tempus vel, pede.,105.8
52,1067473906,0,Vivamus vestibulum sagittis sapien. Cum sociis natoque penatibus et magnis dis parturient montes, nascetur ridiculus mus. Etiam vel augue.,75.3
53,6751882860,1,Cum sociis natoque penatibus et magnis dis parturient montes, nascetur ridiculus mus. Vivamus vestibulum sagittis sapien.,52.5
54,9854908996,0,Integer ac neque. Duis bibendum. Morbi non quam nec dui luctus rutrum.,51.4
55,8097054151,1,Suspendisse ornare consequat lectus. In est risus, auctor sed, tristique in, tempus sit amet, sem.,94.9
56,0000000001,1,Maecenas rhoncus aliquam lacus.,84.4
57,4692221469,0,Quisque id justo sit amet sapien dignissim vestibulum. Vestibulum ante ipsum primis in faucibus orci luctus et ultrices posuere cubilia Curae; Nulla dapibus dolor vel est.,103.8
58,7312159467,0,Mauris sit amet eros.,89.1
59,6715139443,0,Nullam molestie nibh in lectus. Pellentesque at nulla.,12.2
60,3358283641,1,Etiam justo.,18.2
61,4873501607,0,Maecenas rhoncus aliquam lacus. Morbi quis tortor id nulla ultrices aliquet.,83.6
62,4507148904,0,Nulla ac enim. In tempor, turpis nec euismod scelerisque, quam turpis adipiscing lorem, vitae mattis nibh ligula nec sem. Duis aliquam convallis nunc.,117.5
63,9739479301,1,Nulla tempus.,20.8
64,2786016391,1,Donec diam neque, vestibulum eget, vulputate ut, ultrices vel, augue. Vestibulum ante ipsum primis in faucibus orci luctus et ultrices posuere cubilia Curae; Donec pharetra, magna vestibulum aliquet ultrices, erat tortor sollicitudin mi, sit amet lobortis sapien sapien non mi. Integer ac neque.,53.7
65,9388997064,0,Quisque id justo sit amet sapien dignissim vestibulum. Vestibulum ante ipsum primis in faucibus orci luctus et ultrices posuere cubilia Curae; Nulla dapibus dolor vel est. Donec odio justo, sollicitudin ut, suscipit a, feugiat et, eros.,72.8
66,0000000001,1,Praesent id massa id nisl venenatis lacinia.,47.8
67,5601899062,0,Fusce posuere felis sed lacus.,23.4
68,7382535085,0,Nulla tempus.,64.6
69,8914810999,0,Phasellus in felis.,69.3
70,3815300137,0,Proin risus. Praesent lectus. Vestibulum quam sapien, varius ut, blandit non, interdum in, ante.,76.8
71,5831241695,0,In hac habitasse platea dictumst. Morbi vestibulum, velit id pretium iaculis, diam erat fermentum justo, nec condimentum neque sapien placerat ante.,38.5
72,9387110727,0,Donec ut dolor. Morbi vel lectus in quam fringilla rhoncus. Mauris enim leo, rhoncus sed, vestibulum sit amet, cursus id, turpis.,73.7
73,9292165638,1,Sed sagittis.,77.3
74,5328033158,0,Quisque id justo sit amet sapien dignissim vestibulum. Vestibulum ante ipsum primis in faucibus orci luctus et ultrices posuere cubilia Curae; Nulla dapibus dolor vel est.,74.4
75,6464624464,1,Nulla nisl. Nunc nisl. Duis bibendum, felis sed interdum venenatis, turpis enim blandit mi, in porttitor pede justo eu massa.,118.3
76,2591392477,0,Vestibulum rutrum rutrum neque. Aenean auctor gravida sem. Praesent id massa id nisl venenatis lacinia.,33.0
77,9137822492,0,Maecenas tristique, est et tempus semper, est quam pharetra magna, ac consequat metus sapien ut nunc. Vestibulum ante ipsum primis in faucibus orci luctus et ultrices posuere cubilia Curae; Mauris viverra diam vitae quam. Suspendisse potenti.,90.5
78,1477193441,1,Suspendisse potenti. Cras in purus eu magna vulputate luctus.,92.2
79,4155402943,1,Nullam molestie nibh in lectus. Pellentesque at nulla.,37.3
80,4678976906,0,Phasellus in felis.,53.3
81,1398855482,1,Praesent blandit. Nam nulla.,12.2
82,3936849800,1,Morbi quis tortor id nulla ultrices aliquet. Maecenas leo odio, condimentum id, luctus nec, molestie sed, justo. Pellentesque viverra pede ac diam.,72.4
83,0000000001,0,Phasellus sit amet erat.,85.4
84,0000000001,0,Phasellus id sapien in sapien iaculis congue.,46.8
85,1542547242,0,In hac habitasse platea dictumst. Etiam faucibus cursus urna. Ut tellus.,70.2
86,0000000001,1,Cras mi pede, malesuada in, imperdiet et, commodo vulputate, justo. In blandit ultrices enim. Lorem ipsum dolor sit amet, consectetuer adipiscing elit.,60.6
87,3783178157,0,Integer non velit. Donec diam neque, vestibulum eget, vulputate ut, ultrices vel, augue. Vestibulum ante ipsum primis in faucibus orci luctus et ultrices posuere cubilia Curae; Donec pharetra, magna vestibulum aliquet ultrices, erat tortor sollicitudin mi, sit amet lobortis sapien sapien non mi.,108.6
88,6779087834,1,Donec odio justo, sollicitudin ut, suscipit a, feugiat et, eros. Vestibulum ac est lacinia nisi venenatis tristique. Fusce congue, diam id ornare imperdiet, sapien urna pretium nisl, ut volutpat sapien arcu sed augue.,61.2
89,6602793591,1,Aliquam sit amet diam in magna bibendum imperdiet. Nullam orci pede, venenatis non, sodales sed, tincidunt eu, felis. Fusce posuere felis sed lacus.,16.1
90,3973127360,1,Ut at dolor quis odio consequat varius. Integer ac leo. Pellentesque ultrices mattis odio.,60.5
91,9002259626,1,Integer pede justo, lacinia eget, tincidunt eget, tempus vel, pede. Morbi porttitor lorem id ligula. Suspendisse ornare consequat lectus.,32.0
92,4038738343,0,Fusce posuere felis sed lacus.,35.3
93,0000000001,1,Nulla nisl. Nunc nisl.,50.2
94,7277322785,1,Morbi odio odio, elementum eu, interdum eu, tincidunt in, leo.,85.1
95,2381734950,0,Praesent blandit lacinia erat. Vestibulum sed magna at nunc commodo placerat.,61.1
96,1347369862,1,Maecenas rhoncus aliquam lacus. Morbi quis tortor id nulla ultrices aliquet. Maecenas leo odio, condimentum id, luctus nec, molestie sed, justo.,40.0
97,9755030900,0,Lorem ipsum dolor sit amet, consectetuer adipiscing elit. Proin interdum mauris non ligula pellentesque ultrices.,45.2
98,1125364942,1,Morbi non lectus.,49.2
99,0000000001,0,In hac habitasse platea dictumst. Morbi vestibulum, velit id pretium iaculis, diam erat fermentum justo, nec condimentum neque sapien placerat ante.,107.3
